{
  "steps": [
    {
      "step": "initial",
      "train_boxes": 8073,
      "val_boxes": 1999,
      "precision": 0.910182662994095,
      "recall": 0.8770042703479203,
      "f1": 0.893285495043069,
      "map50": 0.9491547249240271,
      "map50-95": 0.6941748260016014
    }
  ]
}