{
  "generated_at": "2026-07-21T04:49:15.283207+00:00",
  "mode": "local",
  "settings": {
    "mode": "local",
    "IMAGE_SIZE": 512,
    "PATCH_SIZE": 16,
    "MASK_PERCENTILE": 95,
    "MIN_AREA": 200,
    "SEED_DUP_IOU": 0.3,
    "SEED_COVER": 0.5,
    "CLASS_ID": 0,
    "IOU_THRESHOLDS": [
      0.5,
      0.75
    ]
  },
  "labels_dino": "C:\\Users\\IVSLab\\Desktop\\ai-sediment\\detection\\feature_matching_scripts\\dataset_burrow\\labels_dino_local",
  "labels_sam": "C:\\Users\\IVSLab\\Desktop\\ai-sediment\\detection\\feature_matching_scripts\\dataset_burrow\\labels_sam_local",
  "dino": {
    "images": 350,
    "gt_boxes": 10072,
    "pred_boxes": 7203,
    "avg_gt_per_img": 28.777142857142856,
    "avg_pred_per_img": 20.58,
    "map": 0.03652656078338623,
    "map_50": 0.15142902731895447,
    "map_75": 0.004695564974099398,
    "mar_100": 0.11288721114397049,
    "mean_best_iou_gt": 0.30821493268013,
    "mean_best_iou_pred": 0.4250011742115021,
    "mean_matched_iou_50": 0.6467302441596985,
    "by_thr": {
      "0.50": {
        "tp": 3293,
        "fp": 3910,
        "fn": 6779,
        "precision": 0.45717062335138137,
        "recall": 0.32694598888006354,
        "f1": 0.38124457308248916
      },
      "0.75": {
        "tp": 531,
        "fp": 6672,
        "fn": 9541,
        "precision": 0.07371928363182008,
        "recall": 0.05272041302621128,
        "f1": 0.061476121562952256
      }
    }
  },
  "sam": {
    "images": 350,
    "gt_boxes": 10072,
    "pred_boxes": 7009,
    "avg_gt_per_img": 28.777142857142856,
    "avg_pred_per_img": 20.025714285714287,
    "map": 0.011831460520625114,
    "map_50": 0.05630527064204216,
    "map_75": 0.003605104982852936,
    "mar_100": 0.05528197064995766,
    "mean_best_iou_gt": 0.2399449348449707,
    "mean_best_iou_pred": 0.3384457230567932,
    "mean_matched_iou_50": 0.6181472539901733,
    "by_thr": {
      "0.50": {
        "tp": 1933,
        "fp": 5076,
        "fn": 8139,
        "precision": 0.2757882722214296,
        "recall": 0.19191818903891977,
        "f1": 0.22633335284819392
      },
      "0.75": {
        "tp": 188,
        "fp": 6821,
        "fn": 9884,
        "precision": 0.026822656584391497,
        "recall": 0.018665607625099286,
        "f1": 0.022012762718810374
      }
    }
  }
}