{
  "generated_at": "2026-07-21T04:57:02.296192+00:00",
  "mode": "global",
  "settings": {
    "mode": "global",
    "IMAGE_SIZE": 512,
    "PATCH_SIZE": 16,
    "MASK_PERCENTILE": 95,
    "MIN_AREA": 200,
    "SEED_DUP_IOU": 0.3,
    "SEED_COVER": 0.5,
    "CLASS_ID": 0,
    "IOU_THRESHOLDS": [
      0.5,
      0.75
    ]
  },
  "labels_dino": "C:\\Users\\IVSLab\\Desktop\\ai-sediment\\detection\\feature_matching_scripts\\dataset_burrow\\labels_dino_global",
  "labels_sam": "C:\\Users\\IVSLab\\Desktop\\ai-sediment\\detection\\feature_matching_scripts\\dataset_burrow\\labels_sam_global",
  "dino": {
    "images": 350,
    "gt_boxes": 10072,
    "pred_boxes": 7408,
    "avg_gt_per_img": 28.777142857142856,
    "avg_pred_per_img": 21.165714285714287,
    "map": 0.04271455481648445,
    "map_50": 0.17320382595062256,
    "map_75": 0.006113582290709019,
    "mar_100": 0.12408657371997833,
    "mean_best_iou_gt": 0.3283412456512451,
    "mean_best_iou_pred": 0.4403034448623657,
    "mean_matched_iou_50": 0.6502389311790466,
    "by_thr": {
      "0.50": {
        "tp": 3554,
        "fp": 3854,
        "fn": 6518,
        "precision": 0.4797516198704104,
        "recall": 0.3528594122319301,
        "f1": 0.40663615560640737
      },
      "0.75": {
        "tp": 606,
        "fp": 6802,
        "fn": 9466,
        "precision": 0.08180345572354211,
        "recall": 0.06016679904686259,
        "f1": 0.06933638443935927
      }
    }
  },
  "sam": {
    "images": 350,
    "gt_boxes": 10072,
    "pred_boxes": 7013,
    "avg_gt_per_img": 28.777142857142856,
    "avg_pred_per_img": 20.037142857142857,
    "map": 0.02527640014886856,
    "map_50": 0.11313697695732117,
    "map_75": 0.004898334853351116,
    "mar_100": 0.08546465635299683,
    "mean_best_iou_gt": 0.28320181369781494,
    "mean_best_iou_pred": 0.3993157744407654,
    "mean_matched_iou_50": 0.6295846104621887,
    "by_thr": {
      "0.50": {
        "tp": 2771,
        "fp": 4242,
        "fn": 7301,
        "precision": 0.3951233423641808,
        "recall": 0.27511914217633043,
        "f1": 0.32437810945273626
      },
      "0.75": {
        "tp": 341,
        "fp": 6672,
        "fn": 9731,
        "precision": 0.04862398402965921,
        "recall": 0.03385623510722796,
        "f1": 0.039918056774948786
      }
    }
  }
}