{
  "generated_at": "2026-07-20T00:52:28.346677+00:00",
  "mode": "local",
  "settings": {
    "mode": "local",
    "IMAGE_SIZE": 512,
    "PATCH_SIZE": 16,
    "MASK_PERCENTILE": 95,
    "MIN_AREA": 200,
    "SEED_DUP_IOU": 0.3,
    "SEED_COVER": 0.5,
    "CLASS_ID": 0,
    "IOU_THRESHOLDS": [
      0.5,
      0.75
    ]
  },
  "labels_dino": "C:\\Users\\IVSLab\\Desktop\\ai-sediment\\detection\\feature_matching_scripts\\dataset_burrow\\labels_dino_local",
  "labels_sam": "C:\\Users\\IVSLab\\Desktop\\ai-sediment\\detection\\feature_matching_scripts\\dataset_burrow\\labels_sam_local",
  "dino": {
    "images": 350,
    "gt_boxes": 8784,
    "pred_boxes": 6742,
    "avg_gt_per_img": 25.097142857142856,
    "avg_pred_per_img": 19.262857142857143,
    "map": 0.029741039499640465,
    "map_50": 0.12812241911888123,
    "map_75": 0.003136549610644579,
    "mar_100": 0.10527094453573227,
    "mean_best_iou_gt": 0.2941277027130127,
    "mean_best_iou_pred": 0.37923160195350647,
    "mean_matched_iou_50": 0.646264910697937,
    "by_thr": {
      "0.50": {
        "tp": 2683,
        "fp": 4059,
        "fn": 6101,
        "precision": 0.3979531296351231,
        "recall": 0.3054417122040073,
        "f1": 0.34561380909442224
      },
      "0.75": {
        "tp": 424,
        "fp": 6318,
        "fn": 8360,
        "precision": 0.06288935034114507,
        "recall": 0.0482695810564663,
        "f1": 0.05461806002833956
      }
    }
  },
  "sam": {
    "images": 350,
    "gt_boxes": 8784,
    "pred_boxes": 6612,
    "avg_gt_per_img": 25.097142857142856,
    "avg_pred_per_img": 18.89142857142857,
    "map": 0.008505566045641899,
    "map_50": 0.0454588383436203,
    "map_75": 0.0008581235306337476,
    "mar_100": 0.051183972507715225,
    "mean_best_iou_gt": 0.21970640122890472,
    "mean_best_iou_pred": 0.28710654377937317,
    "mean_matched_iou_50": 0.6255353093147278,
    "by_thr": {
      "0.50": {
        "tp": 1484,
        "fp": 5128,
        "fn": 7300,
        "precision": 0.22444041137326073,
        "recall": 0.16894353369763207,
        "f1": 0.192777344764874
      },
      "0.75": {
        "tp": 185,
        "fp": 6427,
        "fn": 8599,
        "precision": 0.0279794313369631,
        "recall": 0.021061020036429873,
        "f1": 0.024032216160041572
      }
    }
  }
}